relative_path	bytes	sha256
requests/catalog_48/pass_1/page_0001/attempt_0001.request.json	1228	a24094b96260be3fb26af880cea986021882423bab964436b453ab3bbdbfa8cb
requests/catalog_48/pass_1/page_0001/attempt_0001.response	9860	cb5fbdf3c557f1bd42840a685e4aa58a38a33b9cdc15f6100f21fe949e217768
requests/catalog_48/pass_1/page_0002/attempt_0001.request.json	1228	5191611991feeca293151c9e062300bf901a9220329e1ed2b7c8278a7b38e34f
requests/catalog_48/pass_1/page_0002/attempt_0001.response	9957	10959ac2717b62603a302536242a687d9a5f8a05e9a94f50a4e8028b0c7f2430
requests/catalog_48/pass_1/page_0003/attempt_0001.request.json	1228	ceb9017f773c5fb88236a8dda0ad2d77515359e3beb320b2493020e1505a8f9e
requests/catalog_48/pass_1/page_0003/attempt_0001.response	9580	5e0075f125eab4c174e8c845fda53f536eef17e90157f63c6adbdacf41ddb329
requests/catalog_48/pass_1/page_0004/attempt_0001.request.json	1228	edad8ddfecda5bda93950d58403f85f0bf62a91edda52ae4bebc3cb1e0dd6e74
requests/catalog_48/pass_1/page_0004/attempt_0001.response	9697	f1c90ac14c1296d071cab03f8d5fdfbcbc0733125709868c26b325477c180e11
requests/catalog_48/pass_1/page_0005/attempt_0001.request.json	1228	afa1bf5689989ddda94f5705cc27d1bac377f260ffd5891457bdb0d6ba71f91b
requests/catalog_48/pass_1/page_0005/attempt_0001.response	9988	7c1665a7daebc318a14236f2c43263bbd6783a3e74b597200ff0d8a245b86d72
requests/catalog_48/pass_1/page_0006/attempt_0001.request.json	1228	be2bb103aeb4f7d26550b180f66abbf95d1dded9bf5e13ae6856d1849b2badbc
requests/catalog_48/pass_1/page_0006/attempt_0001.response	9984	495c899eed5f5a3b285f5a749f5c2066b9247507699ce2bfd0e94ed3e9798c21
requests/catalog_48/pass_1/page_0007/attempt_0001.request.json	1228	867f32db8f9a28319b5a305295748e91354c9f2996ae78e07362c11867d94091
requests/catalog_48/pass_1/page_0007/attempt_0001.response	9834	5a54a19aa57fe54013265803bb3263c7dfe805376ad17408f89584fa71bced84
requests/catalog_48/pass_1/page_0008/attempt_0001.request.json	1230	1788607e12f922a5c5b3a060772f4054461b7aba60817e3296ff4fe947419464
requests/catalog_48/pass_1/page_0008/attempt_0001.response	10040	81e4791f55070bfc70836fdbb87687a79e420a755fe167da313eb2b1d2bd0632
requests/catalog_48/pass_1/page_0009/attempt_0001.request.json	1228	30458494d2fb9712ef27e3f2742933de97df3a0b5d1469f3f02e906aa169746d
requests/catalog_48/pass_1/page_0009/attempt_0001.response	9909	8504bb98d9ac726551db2644c93e45a698e402749779f7e636a88cd98a8c7c71
requests/catalog_48/pass_1/page_0010/attempt_0001.request.json	1231	4a91208ed8b4c2e6762f21d62f2485d0d031b8c56c2061808ac723974ddc69ed
requests/catalog_48/pass_1/page_0010/attempt_0001.response	9702	b743c0635ddee8acb9569e7829a73889bc508c002015ca54c2cd05f302f57819
requests/catalog_48/pass_1/page_0011/attempt_0001.request.json	1233	322889289638396921c1c2957ae07652f21b8b83f0f824fefaf3faaa36411f13
requests/catalog_48/pass_1/page_0011/attempt_0001.response	10035	70ccd5456921cf80a9b12c9c53c526bcd55a383040a20c83f29435c5a6e4f12a
requests/catalog_48/pass_1/page_0012/attempt_0001.request.json	1233	65d67fff408ebd4597e23a9a558bfc4e7b64580ba38bad5484c281c907a288b0
requests/catalog_48/pass_1/page_0012/attempt_0001.response	10059	d102759b0bbb43a982efd96e4f2e90bddb67c332f67fb2b9b9eff287269738c7
requests/catalog_48/pass_1/page_0013/attempt_0001.request.json	1231	441f9e29e1dc5dd4829f857aca126e739994aa54309944a3dbc318f6efb7e08c
requests/catalog_48/pass_1/page_0013/attempt_0001.response	9928	4c5558d67c9b4dc25c82317d0734d7a2b3ab6ce7804edeb5e4326e7735652ba7
requests/catalog_48/pass_1/page_0014/attempt_0001.request.json	1231	21d6ec250fcd84da14561ff513a3b82735c0760c3b9b9bb6dfff5d6148d1888a
requests/catalog_48/pass_1/page_0014/attempt_0001.response	9949	adbcfcf758ce0c55b772b77de49169702b44759b3e99525e92bb16591d13ce5d
requests/catalog_48/pass_1/page_0015/attempt_0001.request.json	1231	d6d436b29fbdd6d10dffffb934b6a9634886326fdde9ade94d97fb7cce379640
requests/catalog_48/pass_1/page_0015/attempt_0001.response	9512	7ac2b8b720f8fc431687e4d1c4d08fcdaa5bc7510eac729435a52aff2d9d6f41
requests/catalog_48/pass_1/page_0016/attempt_0001.request.json	1231	51489c77232a1f4913d660c118482dd1cde4e78f4745531fa1b6ef2baed80792
requests/catalog_48/pass_1/page_0016/attempt_0001.response	9445	41c7c07f7fe2bfd7c13c06496cbd8acd73f3ccd947f37f39ff5741649c4d5f8b
requests/catalog_48/pass_1/page_0017/attempt_0001.request.json	1231	92e609c09af651346b62a7d90e7386d744a147688e2a9764d69264163d5af864
requests/catalog_48/pass_1/page_0017/attempt_0001.response	9167	81c004643017ebdbb16d79e687435de0acf9d0596c5dea5d14951c7aa18bfb01
requests/catalog_48/pass_1/page_0018/attempt_0001.request.json	1231	af02a7fab9a252c70f663fd1c4e84a47ecae397a003b92b3fb4dc75d4de8ff4c
requests/catalog_48/pass_1/page_0018/attempt_0001.response	9179	a15cc21158c030810e88468d4228cca3bf37fdfcaf5d87dd6d7f3bd186876368
requests/catalog_48/pass_1/page_0019/attempt_0001.request.json	1231	0a315af01b6fe0a3a8db1442572fc9cd586e2154a1ff3963f5918e6c1f1f0e55
requests/catalog_48/pass_1/page_0019/attempt_0001.response	9312	8ca0880526fa386b1c1084189c203cdd8dc0cf7b46c1f9d81c06a78792c675cc
requests/catalog_48/pass_1/page_0020/attempt_0001.request.json	1231	91b43d1abb8e3c378c3bb4dccc85357986f6c74829b1679d31b982f58e2127d6
requests/catalog_48/pass_1/page_0020/attempt_0001.response	9367	ec14e21c106bce919604d696644db7559eb41b6a16e92bef3390266ba0a263ec
requests/catalog_48/pass_1/page_0021/attempt_0001.request.json	1231	131b9dd20c120480dc0195fa22d74876a9600af88e8abdfe2f816aa6537f1a16
requests/catalog_48/pass_1/page_0021/attempt_0001.response	9071	e972a7bd377952a6d0952f6f4231dc30c13650a3b73e1f60a2629310d176400e
requests/catalog_48/pass_1/page_0022/attempt_0001.request.json	1231	a1d6d627fbc11e4b8198ce1e8cfb6c5696a4e6e63ab5f44cc26d3d5421da7502
requests/catalog_48/pass_1/page_0022/attempt_0001.response	8820	a6b2ed7e29da997ca9c5f317fbaa177574d63ae76b9e38c23ad21f953cefeb00
requests/catalog_48/pass_1/page_0023/attempt_0001.request.json	1231	5305f4fc570d066b5af7cb6091ff55fc6170cad68c989c380904b8975e6af420
requests/catalog_48/pass_1/page_0023/attempt_0001.response	9028	73dada1deaa145b4303c43c33a216cd9267d60f7424b20b0c953ef35825f85ba
requests/catalog_48/pass_1/page_0024/attempt_0001.request.json	1231	a6f26fe4257290ecc558e521566f666b9f63bf521881b7295c017d28183bbe03
requests/catalog_48/pass_1/page_0024/attempt_0001.response	8896	08ca0a9e6f8866e625b41d3dba2279675093674faf8b5611d5d65d2b488194fb
requests/catalog_48/pass_1/page_0025/attempt_0001.request.json	1231	51be0e3934b9192e4d52c2cf4024119bf2b18fe04eade40706562a36b597423f
requests/catalog_48/pass_1/page_0025/attempt_0001.response	9499	db021fd18595e1fed96be4469e8894030525e8998e4c6a3d6852080840422f8a
requests/catalog_48/pass_1/page_0026/attempt_0001.request.json	1231	76596a99ee05d5f414ed16f15a596731d2ac8fcd81fc2290fd44368176278454
requests/catalog_48/pass_1/page_0026/attempt_0001.response	9354	9aa51a13d3ab8e409c33b38747ebe487754187b25a57b54a05f4cf4966d3e131
requests/catalog_48/pass_1/page_0027/attempt_0001.request.json	1231	91f321a53345ccc3d1b673acf656f9b6d5a2a321f4d9ae1afc732b34f9625cba
requests/catalog_48/pass_1/page_0027/attempt_0001.response	9667	2fee6417f95ba3070aecc9c2b41b1d8dd55ba561fa60c8660fe988f51f4d12c7
requests/catalog_48/pass_1/page_0028/attempt_0001.request.json	1231	5cd290a9532a4b986f1d8be45874e039e6a808d1ebe81432aa8d56bde77d179e
requests/catalog_48/pass_1/page_0028/attempt_0001.response	9207	5573a4c30f6417371dfd56a57e4778d3a9618e36240957ff1729815a81609912
requests/catalog_48/pass_1/page_0029/attempt_0001.request.json	1231	1c4535616abdbd0aba6dd19c32c5d04a12ed35e234dd1428bf177d5f9dccbe8e
requests/catalog_48/pass_1/page_0029/attempt_0001.response	8888	57a92d12fbfc39427b68043dd14acdb62de34671a268a3efddbda1fa5563996e
requests/catalog_48/pass_1/page_0030/attempt_0001.request.json	1231	7c495937c17c9dd5cb4145c78cac5d4ed87bf1b589a3523480d67ecf8b00e735
requests/catalog_48/pass_1/page_0030/attempt_0001.response	8659	00960da6b6e69e1b45f342c212668f22642af8f8226c41f103e9f4a64dc22167
requests/catalog_48/pass_1/page_0031/attempt_0001.request.json	1231	31ca1b055ed4061d50b21f2efe9c7db7a47cb1754f1f522ffa28b4ec505d81de
requests/catalog_48/pass_1/page_0031/attempt_0001.response	9154	7ddd817f1dfda26a8d966483a8ad65b9de2f5c8a3c959001e6a2a9642e412be6
requests/catalog_48/pass_1/page_0032/attempt_0001.request.json	1231	e41e30bf890fc0bcfdac88d8d168ed7931c1038c911a7d70bfe555ba4bcc1555
requests/catalog_48/pass_1/page_0032/attempt_0001.response	9148	8d02f98b35f4e8694b2be1f775483217d0636e817b1faa631a02e9ce7d5ef390
requests/catalog_48/pass_1/page_0033/attempt_0001.request.json	1231	9c184c6ddbf623c3830959b4ead4980d89df63100ea2b5f072324d9154532efa
requests/catalog_48/pass_1/page_0033/attempt_0001.response	8932	3dde98c32b3c34e72704e037e29a6445ea580fa90cab4b1484a53bc5abe2d274
requests/catalog_48/pass_1/page_0034/attempt_0001.request.json	1231	ab41de730fdd69410dd0ac063fc7987cecebeaddc7336f20a7caa0d8a5a2a630
requests/catalog_48/pass_1/page_0034/attempt_0001.response	8669	c2043d8ff623e00f59d10882f53998255d2e7cdc1dc9b79250e36ac2255bc2d4
requests/catalog_48/pass_1/page_0035/attempt_0001.request.json	1231	186789612f81bd8ee3d290b83036d5ca8d53d69593073f9d762aec9d1a23b8a5
requests/catalog_48/pass_1/page_0035/attempt_0001.response	8773	55764c7b4c876027b317d8d3c0f997a13c48b7b896d1e66fa7d0f0185ef209ca
requests/catalog_48/pass_1/page_0036/attempt_0001.request.json	1231	5ade116c7a711fea9b8321762aaf035297ffc1940ad45f41ae9d6b2605fee529
requests/catalog_48/pass_1/page_0036/attempt_0001.response	8728	d25d7470bd6632d8093e334f55ae4e271caba99dd5308a641ac55c6774388550
requests/catalog_48/pass_1/page_0037/attempt_0001.request.json	1231	98ef4f9b943fa70058d2f70c032f94bf4cce67223bc36923a0236271c1425ebd
requests/catalog_48/pass_1/page_0037/attempt_0001.response	8552	686919815fd56751903deafc39f6af868e7761d053d401c99890b5572ede73e0
requests/catalog_48/pass_1/page_0038/attempt_0001.request.json	1231	ee9e681af228bdc6e8e152f5762052feec9843c688cb819ebd96b4b286c4fc7c
requests/catalog_48/pass_1/page_0038/attempt_0001.response	7607	ab4676534a3219461555e4127326a1da9a43e9e29afce0df3e8ace3ad0c31876
requests/time_before/attempt_0001.request.json	973	d245572945f5d105266d9548e175b04aaea06d802a7f752e3839b9e262bea210
requests/time_before/attempt_0001.response	28	c4951944e5dcd142b02ea08b000b7e491a58a588824e7e35df6cf55ea159172d
